time,stage,id,entropy
0.25,0,bike,0.0
0.25,0,dut,3.871413475703435
0.25,0,foe1,0.0
0.25,0,foe2,0.0
0.25,0,foe3,0.0
0.25,0,ped,0.0
0.5,0,bike,0.0
0.5,0,dut,3.871413475703435
0.5,0,foe1,0.0
0.5,0,foe2,0.0
0.5,0,foe3,0.0
0.5,0,ped,0.0
0.75,0,bike,0.0
0.75,0,dut,3.871413475703435
0.75,0,foe1,0.0
0.75,0,foe2,0.0
0.75,0,foe3,0.0
0.75,0,ped,0.0
1.0,0,bike,0.0
1.0,0,dut,3.871413475703435
1.0,0,foe1,0.0
1.0,0,foe2,0.0
1.0,0,foe3,0.0
1.0,0,ped,0.0
1.25,0,bike,0.0
1.25,0,dut,3.871413475703435
1.25,0,foe1,0.0
1.25,0,foe2,0.0
1.25,0,foe3,0.0
1.25,0,ped,0.0
1.5,0,bike,0.0
1.5,0,dut,3.871413475703435
1.5,0,foe1,0.0
1.5,0,foe2,0.0
1.5,0,foe3,0.0
1.5,0,ped,0.0
1.75,0,bike,0.0
1.75,0,dut,3.871413475703435
1.75,0,foe1,0.0
1.75,0,foe2,0.0
1.75,0,foe3,0.0
1.75,0,ped,0.0
2.0,0,bike,0.0
2.0,0,dut,3.871413475703435
2.0,0,foe1,0.0
2.0,0,foe2,0.0
2.0,0,foe3,0.0
2.0,0,ped,0.0
2.25,0,bike,0.0
2.25,0,dut,3.871413475703435
2.25,0,foe1,0.0
2.25,0,foe2,0.0
2.25,0,foe3,0.0
2.25,0,ped,0.0
2.5,0,bike,0.0
2.5,0,dut,3.871413475703435
2.5,0,foe1,0.0
2.5,0,foe2,0.0
2.5,0,foe3,0.0
2.5,0,ped,0.0
2.75,0,bike,0.0
2.75,0,dut,3.871413475703435
2.75,0,foe1,0.0
2.75,0,foe2,0.0
2.75,0,foe3,0.0
2.75,0,ped,0.0
3.0,0,bike,0.0
3.0,0,dut,3.871413475703435
3.0,0,foe1,0.0
3.0,0,foe2,0.0
3.0,0,foe3,0.0
3.0,0,ped,0.0
3.25,0,bike,0.0
3.25,0,dut,3.871413475703435
3.25,0,foe1,0.0
3.25,0,foe2,0.0
3.25,0,foe3,0.0
3.25,0,ped,0.0
3.5,0,bike,0.0
3.5,0,dut,3.871413475703435
3.5,0,foe1,0.0
3.5,0,foe2,0.0
3.5,0,foe3,0.0
3.5,0,ped,0.0
3.75,0,bike,0.0
3.75,0,dut,3.871413475703435
3.75,0,foe1,0.0
3.75,0,foe2,0.0
3.75,0,foe3,0.0
3.75,0,ped,0.0
4.0,0,bike,0.0
4.0,0,dut,3.871413475703435
4.0,0,foe1,0.0
4.0,0,foe2,0.0
4.0,0,foe3,0.0
4.0,0,ped,0.0
4.25,0,bike,0.0
4.25,0,dut,3.871413475703435
4.25,0,foe1,0.0
4.25,0,foe2,0.0
4.25,0,foe3,0.0
4.25,0,ped,0.0
4.5,0,bike,0.0
4.5,0,dut,3.871413475703435
4.5,0,foe1,0.0
4.5,0,foe2,0.0
4.5,0,foe3,0.0
4.5,0,ped,0.0
4.75,0,bike,0.0
4.75,0,dut,3.871413475703435
4.75,0,foe1,0.0
4.75,0,foe2,0.0
4.75,0,foe3,0.0
4.75,0,ped,0.0
5.0,0,bike,0.0
5.0,0,dut,3.871413475703435
5.0,0,foe1,0.0
5.0,0,foe2,0.0
5.0,0,foe3,0.0
5.0,0,ped,0.0
5.25,0,bike,0.0
5.25,0,dut,3.871413475703435
5.25,0,foe1,0.0
5.25,0,foe2,0.0
5.25,0,foe3,0.0
5.25,0,ped,0.0
5.5,0,bike,0.0
5.5,0,dut,3.871413475703435
5.5,0,foe1,0.0
5.5,0,foe2,0.0
5.5,0,foe3,0.0
5.5,0,ped,0.0
5.75,0,bike,0.0
5.75,0,dut,3.871413475703435
5.75,0,foe1,0.0
5.75,0,foe2,0.0
5.75,0,foe3,0.0
5.75,0,ped,0.0
6.0,0,bike,0.0
6.0,0,dut,3.871413475703435
6.0,0,foe1,0.0
6.0,0,foe2,0.0
6.0,0,foe3,0.0
6.0,0,ped,0.0
6.25,0,bike,0.0
6.25,0,dut,3.871413475703435
6.25,0,foe1,0.0
6.25,0,foe2,0.0
6.25,0,foe3,0.0
6.25,0,ped,0.0
6.5,0,bike,0.0
6.5,0,dut,3.871413475703435
6.5,0,foe1,0.0
6.5,0,foe2,0.0
6.5,0,foe3,0.0
6.5,0,ped,0.0
6.75,0,bike,0.0
6.75,0,dut,3.871413475703435
6.75,0,foe1,0.0
6.75,0,foe2,0.0
6.75,0,foe3,0.0
6.75,0,ped,0.0
7.0,0,bike,0.0
7.0,0,dut,3.871413475703435
7.0,0,foe1,0.0
7.0,0,foe2,0.0
7.0,0,foe3,0.0
7.0,0,ped,0.0
7.25,0,bike,0.0
7.25,0,dut,3.871413475703435
7.25,0,foe1,0.0
7.25,0,foe2,0.0
7.25,0,foe3,0.0
7.25,0,ped,0.0
7.5,0,bike,0.0
7.5,0,dut,3.871413475703435
7.5,0,foe1,0.0
7.5,0,foe2,0.0
7.5,0,foe3,0.0
7.5,0,ped,0.0
7.75,0,bike,0.0
7.75,0,dut,3.871413475703435
7.75,0,foe1,0.0
7.75,0,foe2,0.0
7.75,0,foe3,0.0
7.75,0,ped,0.0
8.0,0,bike,0.0
8.0,0,dut,3.871413475703435
8.0,0,foe1,0.0
8.0,0,foe2,0.0
8.0,0,foe3,0.0
8.0,0,ped,0.0
8.25,0,bike,0.0
8.25,0,dut,3.871413475703435
8.25,0,foe1,0.0
8.25,0,foe2,0.0
8.25,0,foe3,0.0
8.25,0,ped,0.0
8.5,0,bike,0.0
8.5,0,dut,3.871413475703435
8.5,0,foe1,0.0
8.5,0,foe2,0.0
8.5,0,foe3,0.0
8.5,0,ped,0.0
8.75,0,bike,0.0
8.75,0,dut,3.871413475703435
8.75,0,foe1,0.0
8.75,0,foe2,0.0
8.75,0,foe3,0.0
8.75,0,ped,0.0
9.0,0,bike,0.0
9.0,0,dut,3.871413475703435
9.0,0,foe1,0.0
9.0,0,foe2,0.0
9.0,0,foe3,0.0
9.0,0,ped,0.0
9.25,0,bike,0.0
9.25,0,dut,3.871413475703435
9.25,0,foe1,0.0
9.25,0,foe2,0.0
9.25,0,foe3,0.0
9.25,0,ped,0.0
9.5,0,bike,0.0
9.5,0,dut,3.871413475703435
9.5,0,foe1,0.0
9.5,0,foe2,0.0
9.5,0,foe3,0.0
9.5,0,ped,0.0
9.75,0,bike,0.0
9.75,0,dut,3.871413475703435
9.75,0,foe1,0.0
9.75,0,foe2,0.0
9.75,0,foe3,0.0
9.75,0,ped,0.0
10.0,0,bike,0.0
10.0,0,dut,3.871413475703435
10.0,0,foe1,0.0
10.0,0,foe2,0.0
10.0,0,foe3,0.0
10.0,0,ped,0.0
10.25,0,bike,0.0
10.25,0,dut,3.871413475703435
10.25,0,foe1,0.0
10.25,0,foe2,0.0
10.25,0,foe3,0.0
10.25,0,ped,0.0
10.5,0,bike,0.0
10.5,0,dut,3.871413475703435
10.5,0,foe1,0.0
10.5,0,foe2,0.0
10.5,0,foe3,0.0
10.5,0,ped,0.0
10.75,0,bike,0.0
10.75,0,dut,3.871413475703435
10.75,0,foe1,0.0
10.75,0,foe2,0.0
10.75,0,foe3,0.0
10.75,0,ped,0.0
11.0,0,bike,0.0
11.0,0,dut,3.871413475703435
11.0,0,foe1,0.0
11.0,0,foe2,0.0
11.0,0,foe3,0.0
11.0,0,ped,0.0
11.25,0,bike,0.0
11.25,0,dut,3.871413475703435
11.25,0,foe1,0.0
11.25,0,foe2,0.0
11.25,0,foe3,0.0
11.25,0,ped,0.0
11.5,0,bike,0.0
11.5,0,dut,3.871413475703435
11.5,0,foe1,0.0
11.5,0,foe2,0.0
11.5,0,foe3,0.0
11.5,0,ped,0.0
11.75,0,bike,0.0
11.75,0,dut,3.871413475703435
11.75,0,foe1,0.0
11.75,0,foe2,0.0
11.75,0,foe3,0.0
11.75,0,ped,0.0
12.0,0,bike,0.0
12.0,0,dut,3.871413475703435
12.0,0,foe1,0.0
12.0,0,foe2,0.0
12.0,0,foe3,0.0
12.0,0,ped,0.0
12.25,0,bike,0.0
12.25,0,dut,3.871413475703435
12.25,0,foe1,0.0
12.25,0,foe2,0.0
12.25,0,foe3,0.0
12.25,0,ped,0.0
12.5,0,bike,0.0
12.5,0,dut,3.871413475703435
12.5,0,foe1,0.0
12.5,0,foe2,0.0
12.5,0,foe3,0.0
12.5,0,ped,0.0
12.75,0,bike,0.0
12.75,0,dut,3.871413475703435
12.75,0,foe1,0.0
12.75,0,foe2,0.0
12.75,0,foe3,0.0
12.75,0,ped,0.0
13.0,0,bike,0.0
13.0,0,dut,3.871413475703435
13.0,0,foe1,0.0
13.0,0,foe2,0.0
13.0,0,foe3,0.0
13.0,0,ped,0.0
13.25,0,bike,0.0
13.25,0,dut,3.871413475703435
13.25,0,foe1,0.0
13.25,0,foe2,0.0
13.25,0,foe3,0.0
13.25,0,ped,0.0
13.5,0,bike,0.0
13.5,0,dut,3.871413475703435
13.5,0,foe1,0.0
13.5,0,foe2,0.0
13.5,0,foe3,0.0
13.5,0,ped,0.0
13.75,0,bike,0.0
13.75,0,dut,3.871413475703435
13.75,0,foe1,0.0
13.75,0,foe2,0.0
13.75,0,foe3,0.0
13.75,0,ped,0.0
14.0,0,bike,0.0
14.0,0,dut,3.871413475703435
14.0,0,foe1,0.0
14.0,0,foe2,0.0
14.0,0,foe3,0.0
14.0,0,ped,0.0
14.25,0,bike,0.0
14.25,0,dut,3.871413475703435
14.25,0,foe1,0.0
14.25,0,foe2,0.0
14.25,0,foe3,0.0
14.25,0,ped,0.0
14.5,0,bike,0.0
14.5,0,dut,3.871413475703435
14.5,0,foe1,0.0
14.5,0,foe2,0.0
14.5,0,foe3,0.0
14.5,0,ped,0.0
14.75,0,bike,0.0
14.75,0,dut,3.871413475703435
14.75,0,foe1,0.0
14.75,0,foe2,0.0
14.75,0,foe3,0.0
14.75,0,ped,0.0
15.0,0,bike,0.0
15.0,0,dut,3.871413475703435
15.0,0,foe1,0.0
15.0,0,foe2,0.0
15.0,0,foe3,0.0
15.0,0,ped,0.0
15.25,0,bike,0.0
15.25,0,dut,3.871413475703435
15.25,0,foe1,0.0
15.25,0,foe2,0.0
15.25,0,foe3,0.0
15.25,0,ped,0.0
15.5,0,bike,0.0
15.5,0,dut,3.871413475703435
15.5,0,foe1,0.0
15.5,0,foe2,0.0
15.5,0,foe3,0.0
15.5,0,ped,0.0
15.75,0,bike,0.0
15.75,0,dut,3.871413475703435
15.75,0,foe1,0.0
15.75,0,foe2,0.0
15.75,0,foe3,0.0
15.75,0,ped,0.0
16.0,0,bike,0.0
16.0,0,dut,3.871413475703435
16.0,0,foe1,0.0
16.0,0,foe2,0.0
16.0,0,foe3,0.0
16.0,0,ped,0.0
16.25,0,bike,0.0
16.25,0,dut,3.871413475703435
16.25,0,foe1,0.0
16.25,0,foe2,0.0
16.25,0,foe3,0.0
16.25,0,ped,0.0
16.5,0,bike,0.0
16.5,0,dut,3.871413475703435
16.5,0,foe1,0.0
16.5,0,foe2,0.0
16.5,0,foe3,0.0
16.5,0,ped,0.0
16.75,0,bike,0.0
16.75,0,dut,3.871413475703435
16.75,0,foe1,0.0
16.75,0,foe2,0.0
16.75,0,foe3,0.0
16.75,0,ped,0.0
17.0,0,bike,0.0
17.0,0,dut,3.871413475703435
17.0,0,foe1,0.0
17.0,0,foe2,0.0
17.0,0,foe3,0.0
17.0,0,ped,0.0
17.25,0,bike,0.0
17.25,0,dut,3.871413475703435
17.25,0,foe1,0.0
17.25,0,foe2,0.0
17.25,0,foe3,0.0
17.25,0,ped,0.0
17.5,0,bike,0.0
17.5,0,dut,3.871413475703435
17.5,0,foe1,0.0
17.5,0,foe2,0.0
17.5,0,foe3,0.0
17.5,0,ped,0.0
17.75,0,bike,0.0
17.75,0,dut,3.871413475703435
17.75,0,foe1,0.0
17.75,0,foe2,0.0
17.75,0,foe3,0.0
17.75,0,ped,0.0
18.0,0,bike,0.0
18.0,0,dut,3.871413475703435
18.0,0,foe1,0.0
18.0,0,foe2,0.0
18.0,0,foe3,0.0
18.0,0,ped,0.0
18.25,0,bike,0.0
18.25,0,dut,3.871413475703435
18.25,0,foe1,0.0
18.25,0,foe2,0.0
18.25,0,foe3,0.0
18.25,0,ped,0.0
18.5,0,bike,0.0
18.5,0,dut,3.871413475703435
18.5,0,foe1,0.0
18.5,0,foe2,0.0
18.5,0,foe3,0.0
18.5,0,ped,0.0
18.75,0,bike,0.0
18.75,0,dut,3.871413475703435
18.75,0,foe1,0.0
18.75,0,foe2,0.0
18.75,0,foe3,0.0
18.75,0,ped,0.0
19.0,0,bike,0.0
19.0,0,dut,3.871413475703435
19.0,0,foe1,0.0
19.0,0,foe2,0.0
19.0,0,foe3,0.0
19.0,0,ped,0.0
19.25,0,bike,0.0
19.25,0,dut,3.871413475703435
19.25,0,foe1,0.0
19.25,0,foe2,0.0
19.25,0,foe3,0.0
19.25,0,ped,0.0
19.5,0,bike,0.0
19.5,0,dut,3.871413475703435
19.5,0,foe1,11.614240427110305
19.5,0,foe2,0.0
19.5,0,foe3,0.0
19.5,0,ped,0.0
19.75,0,bike,0.0
19.75,0,dut,3.871413475703435
19.75,0,foe1,15.48565390281374
19.75,0,foe2,0.0
19.75,0,foe3,0.0
19.75,0,ped,0.0
20.0,0,bike,0.0
20.0,0,dut,3.871413475703435
20.0,0,foe1,19.357096160568585
20.0,0,foe2,0.0
20.0,0,foe3,0.0
20.0,0,ped,0.0
20.25,0,bike,0.0
20.25,0,dut,3.871413475703435
20.25,0,foe1,20.49808535003463
20.25,0,foe2,0.0
20.25,0,foe3,0.0
20.25,0,ped,0.0
20.5,0,bike,0.0
20.5,0,dut,3.871413475703435
20.5,0,foe1,21.028325638277078
20.5,0,foe2,0.0
20.5,0,foe3,0.0
20.5,0,ped,0.0
20.75,0,bike,0.0
20.75,0,dut,3.871413475703435
20.75,0,foe1,20.00274814812853
20.75,0,foe2,0.0
20.75,0,foe3,0.0
20.75,0,ped,0.0
21.0,0,bike,0.0
21.0,0,dut,3.871413475703435
21.0,0,foe1,18.713137425744296
21.0,0,foe2,0.0
21.0,0,foe3,0.0
21.0,0,ped,0.0
21.25,0,bike,0.0
21.25,0,dut,3.871413475703435
21.25,0,foe1,16.131334672425094
21.25,0,foe2,0.0
21.25,0,foe3,0.0
21.25,0,ped,0.0
21.5,0,bike,0.0
21.5,0,dut,3.871413475703435
21.5,0,foe1,12.757009215466235
21.5,0,foe2,0.0
21.5,0,foe3,0.0
21.5,0,ped,0.0
21.75,0,bike,0.0
21.75,0,dut,3.871413475703435
21.75,0,foe1,11.352229368237689
21.75,0,foe2,0.0
21.75,0,foe3,0.0
21.75,0,ped,0.0
22.0,0,bike,0.0
22.0,0,dut,3.871413475703435
22.0,0,foe1,7.515463532756018
22.0,0,foe2,0.0
22.0,0,foe3,0.0
22.0,0,ped,0.0
22.25,0,bike,0.0
22.25,0,dut,3.871413475703435
22.25,0,foe1,2.7667939612462233
22.25,0,foe2,0.0
22.25,0,foe3,0.0
22.25,0,ped,0.0
22.5,0,bike,0.0
22.5,0,dut,3.871413475703435
22.5,0,foe1,0.0017508168384756185
22.5,0,foe2,0.0
22.5,0,foe3,0.0
22.5,0,ped,0.0
22.75,0,bike,0.0
22.75,0,dut,3.871413475703435
22.75,0,foe1,0.0
22.75,0,foe2,0.0
22.75,0,foe3,0.0
22.75,0,ped,0.0
23.0,0,bike,0.0
23.0,0,dut,3.871413475703435
23.0,0,foe1,0.0
23.0,0,foe2,0.0
23.0,0,foe3,0.0
23.0,0,ped,0.0
23.25,1,bike,0.0
23.25,1,dut,3.871413475703435
23.25,1,foe1,0.0
23.25,1,foe2,0.0
23.25,1,foe3,0.0
23.25,1,ped,0.0
23.5,1,bike,0.0
23.5,1,dut,3.871413475703435
23.5,1,foe1,0.0
23.5,1,foe2,0.0
23.5,1,foe3,0.0
23.5,1,ped,0.0
23.75,1,bike,0.0
23.75,1,dut,3.871413475703435
23.75,1,foe1,0.0
23.75,1,foe2,0.0
23.75,1,foe3,0.0
23.75,1,ped,0.0
24.0,1,bike,0.0
24.0,1,dut,3.871413475703435
24.0,1,foe1,0.0
24.0,1,foe2,0.0
24.0,1,foe3,0.0
24.0,1,ped,0.0
24.25,1,bike,0.0
24.25,1,dut,3.871413475703435
24.25,1,foe1,0.0
24.25,1,foe2,0.0
24.25,1,foe3,0.0
24.25,1,ped,0.0
24.5,1,bike,0.0
24.5,1,dut,3.871413475703435
24.5,1,foe1,0.0
24.5,1,foe2,0.0
24.5,1,foe3,0.0
24.5,1,ped,0.0
24.75,1,bike,0.0
24.75,1,dut,3.871413475703435
24.75,1,foe1,0.0017795988898838331
24.75,1,foe2,0.0
24.75,1,foe3,0.0
24.75,1,ped,0.0
25.0,1,bike,0.0
25.0,1,dut,3.871413475703435
25.0,1,foe1,0.26554147460097677
25.0,1,foe2,0.0
25.0,1,foe3,0.0
25.0,1,ped,0.0
25.25,1,bike,0.0
25.25,1,dut,3.871413475703435
25.25,1,foe1,1.709436315710029
25.25,1,foe2,0.0
25.25,1,foe3,0.0
25.25,1,ped,0.0
25.5,1,bike,0.0
25.5,1,dut,3.871413475703435
25.5,1,foe1,4.403206698772593
25.5,1,foe2,0.0
25.5,1,foe3,0.0
25.5,1,ped,0.0
25.75,1,bike,0.0
25.75,1,dut,3.871413475703435
25.75,1,foe1,6.3007117091877
25.75,1,foe2,0.0
25.75,1,foe3,0.0
25.75,1,ped,0.0
26.0,1,bike,0.0
26.0,1,dut,3.871413475703435
26.0,1,foe1,8.658232321111948
26.0,1,foe2,0.0
26.0,1,foe3,0.0
26.0,1,ped,0.0
26.25,1,bike,0.0
26.25,1,dut,3.871413475703435
26.25,1,foe1,9.415864810056659
26.25,1,foe2,0.0
26.25,1,foe3,0.0
26.25,1,ped,0.0
26.5,1,bike,0.0
26.5,1,dut,3.871413475703435
26.5,1,foe1,10.775133605202663
26.5,1,foe2,0.0
26.5,1,foe3,0.0
26.5,1,ped,0.0
26.75,1,bike,0.0
26.75,1,dut,3.871413475703435
26.75,1,foe1,12.034337376960694
26.75,1,foe2,0.0
26.75,1,foe3,0.0
26.75,1,ped,0.0
27.0,1,bike,0.0
27.0,1,dut,3.871413475703435
27.0,1,foe1,13.514641704410947
27.0,1,foe2,0.0
27.0,1,foe3,0.0
27.0,1,ped,0.0
27.25,1,bike,0.0
27.25,1,dut,3.871413475703435
27.25,1,foe1,14.11283394103811
27.25,1,foe2,0.0
27.25,1,foe3,0.0
27.25,1,ped,0.0
27.5,1,bike,0.0
27.5,1,dut,3.871413475703435
27.5,1,foe1,15.026743940019294
27.5,1,foe2,0.0
27.5,1,foe3,0.0
27.5,1,ped,0.0
27.75,1,bike,0.0
27.75,1,dut,3.871413475703435
27.75,1,foe1,16.401059272518825
27.75,1,foe2,0.0
27.75,1,foe3,0.0
27.75,1,ped,0.0
28.0,1,bike,0.0
28.0,1,dut,3.871413475703435
28.0,1,foe1,17.158662979412124
28.0,1,foe2,0.0
28.0,1,foe3,0.0
28.0,1,ped,0.0
28.25,1,bike,0.0
28.25,1,dut,3.871413475703435
28.25,1,foe1,17.685837900808686
28.25,1,foe2,0.0
28.25,1,foe3,0.0
28.25,1,ped,0.0
28.5,1,bike,0.0
28.5,1,dut,3.871413475703435
28.5,1,foe1,18.252476646111376
28.5,1,foe2,0.0
28.5,1,foe3,0.0
28.5,1,ped,0.0
28.75,1,bike,0.0
28.75,1,dut,3.871413475703435
28.75,1,foe1,18.747813848017472
28.75,1,foe2,0.0
28.75,1,foe3,0.0
28.75,1,ped,0.0
29.0,1,bike,0.0
29.0,1,dut,3.871413475703435
29.0,1,foe1,19.129703959866326
29.0,1,foe2,0.0
29.0,1,foe3,0.0
29.0,1,ped,0.0
29.25,1,bike,0.0
29.25,1,dut,3.871413475703435
29.25,1,foe1,19.39346583557742
29.25,1,foe2,0.0
29.25,1,foe3,0.0
29.25,1,ped,0.0
29.5,1,bike,0.0
29.5,1,dut,3.871413475703435
29.5,1,foe1,19.39346583557742
29.5,1,foe2,0.0
29.5,1,foe3,0.0
29.5,1,ped,0.0
29.75,1,bike,0.0
29.75,1,dut,3.871413475703435
29.75,1,foe1,19.62082925422827
29.75,1,foe2,0.0
29.75,1,foe3,0.0
29.75,1,ped,0.0
30.0,1,bike,0.0
30.0,1,dut,3.871413475703435
30.0,1,foe1,19.62082925422827
30.0,1,foe2,0.0
30.0,1,foe3,0.0
30.0,1,ped,0.0
30.25,1,bike,0.0
30.25,1,dut,3.871413475703435
30.25,1,foe1,19.62082925422827
30.25,1,foe2,0.0
30.25,1,foe3,0.0
30.25,1,ped,0.0
30.5,1,bike,0.0
30.5,1,dut,3.871413475703435
30.5,1,foe1,19.62082925422827
30.5,1,foe2,0.0
30.5,1,foe3,0.0
30.5,1,ped,0.0
30.75,1,bike,0.0
30.75,1,dut,3.871413475703435
30.75,1,foe1,19.62082925422827
30.75,1,foe2,0.0
30.75,1,foe3,0.0
30.75,1,ped,0.0
31.0,1,bike,0.0
31.0,1,dut,3.871413475703435
31.0,1,foe1,19.62082925422827
31.0,1,foe2,0.0
31.0,1,foe3,0.0
31.0,1,ped,0.0
31.25,1,bike,0.0
31.25,1,dut,3.871413475703435
31.25,1,foe1,19.62082925422827
31.25,1,foe2,0.0
31.25,1,foe3,0.0
31.25,1,ped,0.0
31.5,1,bike,0.0
31.5,1,dut,3.871413475703435
31.5,1,foe1,19.39346583557742
31.5,1,foe2,0.0
31.5,1,foe3,0.0
31.5,1,ped,0.0
31.75,1,bike,0.0
31.75,1,dut,3.871413475703435
31.75,1,foe1,19.39346583557742
31.75,1,foe2,0.0
31.75,1,foe3,0.0
31.75,1,ped,0.0
32.0,1,bike,0.0
32.0,1,dut,3.871413475703435
32.0,1,foe1,19.357096160568585
32.0,1,foe2,0.0
32.0,1,foe3,0.0
32.0,1,ped,0.0
32.25,1,bike,0.0
32.25,1,dut,3.871413475703435
32.25,1,foe1,19.357067378517176
32.25,1,foe2,0.0
32.25,1,foe3,0.0
32.25,1,ped,0.0
32.5,1,bike,0.0
32.5,1,dut,3.871413475703435
32.5,1,foe1,15.48565390281374
32.5,1,foe2,0.0
32.5,1,foe3,0.0
32.5,1,ped,0.0
32.75,1,bike,0.0
32.75,1,dut,3.871413475703435
32.75,1,foe1,15.48565390281374
32.75,1,foe2,0.0
32.75,1,foe3,0.0
32.75,1,ped,0.0
33.0,1,bike,0.0
33.0,1,dut,3.871413475703435
33.0,1,foe1,15.48565390281374
33.0,1,foe2,0.0
33.0,1,foe3,0.0
33.0,1,ped,0.0
33.25,1,bike,0.0
33.25,1,dut,3.871413475703435
33.25,1,foe1,15.48565390281374
33.25,1,foe2,0.0
33.25,1,foe3,0.0
33.25,1,ped,0.0
33.5,1,bike,0.0
33.5,1,dut,3.871413475703435
33.5,1,foe1,15.48565390281374
33.5,1,foe2,0.0
33.5,1,foe3,0.0
33.5,1,ped,0.0
33.75,1,bike,0.0
33.75,1,dut,3.871413475703435
33.75,1,foe1,15.48565390281374
33.75,1,foe2,0.0
33.75,1,foe3,0.0
33.75,1,ped,0.0
34.0,1,bike,0.0
34.0,1,dut,3.871413475703435
34.0,1,foe1,11.614240427110305
34.0,1,foe2,0.0
34.0,1,foe3,0.0
34.0,1,ped,0.0
34.25,1,bike,0.0
34.25,1,dut,3.871413475703435
34.25,1,foe1,11.614240427110305
34.25,1,foe2,0.0
34.25,1,foe3,0.0
34.25,1,ped,0.0
34.5,1,bike,0.0
34.5,1,dut,3.871413475703435
34.5,1,foe1,11.614240427110305
34.5,1,foe2,0.0
34.5,1,foe3,0.0
34.5,1,ped,0.0
34.75,1,bike,0.0
34.75,1,dut,3.871413475703435
34.75,1,foe1,11.614240427110305
34.75,1,foe2,0.0
34.75,1,foe3,0.0
34.75,1,ped,0.0
35.0,1,bike,0.0
35.0,1,dut,3.871413475703435
35.0,1,foe1,0.0
35.0,1,foe2,0.0
35.0,1,foe3,0.0
35.0,1,ped,0.0
35.25,1,bike,0.0
35.25,1,dut,3.871413475703435
35.25,1,foe1,0.0
35.25,1,foe2,0.0
35.25,1,foe3,0.0
35.25,1,ped,0.0
35.5,1,bike,0.0
35.5,1,dut,3.871413475703435
35.5,1,foe1,0.0
35.5,1,foe2,0.0
35.5,1,foe3,0.0
35.5,1,ped,0.0
35.75,1,bike,0.0
35.75,1,dut,3.871413475703435
35.75,1,foe1,0.0
35.75,1,foe2,0.0
35.75,1,foe3,0.0
35.75,1,ped,0.0
36.0,1,bike,0.0
36.0,1,dut,3.871413475703435
36.0,1,foe1,0.0
36.0,1,foe2,0.0
36.0,1,foe3,0.0
36.0,1,ped,0.0
36.25,1,bike,0.0
36.25,1,dut,3.871413475703435
36.25,1,foe1,0.0
36.25,1,foe2,0.0
36.25,1,foe3,0.0
36.25,1,ped,0.0
36.5,1,bike,0.0
36.5,1,dut,3.871413475703435
36.5,1,foe1,0.0
36.5,1,foe2,0.0
36.5,1,foe3,0.0
36.5,1,ped,0.0
36.75,1,bike,0.0
36.75,1,dut,3.871413475703435
36.75,1,foe1,0.0
36.75,1,foe2,0.0
36.75,1,foe3,0.0
36.75,1,ped,0.0
37.0,1,bike,0.0
37.0,1,dut,3.871413475703435
37.0,1,foe1,0.0
37.0,1,foe2,0.0
37.0,1,foe3,0.0
37.0,1,ped,0.0
37.25,1,bike,0.0
37.25,1,dut,3.871413475703435
37.25,1,foe1,0.0
37.25,1,foe2,0.0
37.25,1,foe3,0.0
37.25,1,ped,0.0
37.5,1,bike,0.0
37.5,1,dut,3.871413475703435
37.5,1,foe1,0.0
37.5,1,foe2,0.0
37.5,1,foe3,0.0
37.5,1,ped,0.0
37.75,1,bike,0.0
37.75,1,dut,3.871413475703435
37.75,1,foe1,0.0
37.75,1,foe2,0.0
37.75,1,foe3,0.0
37.75,1,ped,0.0
38.0,1,bike,0.0
38.0,1,dut,3.871413475703435
38.0,1,foe1,0.0
38.0,1,foe2,0.0
38.0,1,foe3,0.0
38.0,1,ped,0.0
38.25,1,bike,0.0
38.25,1,dut,3.871413475703435
38.25,1,foe1,0.0
38.25,1,foe2,0.0
38.25,1,foe3,0.0
38.25,1,ped,0.0
38.5,1,bike,0.0
38.5,1,dut,3.871413475703435
38.5,1,foe1,0.0
38.5,1,foe2,0.0
38.5,1,foe3,0.0
38.5,1,ped,0.0
38.75,1,bike,0.0
38.75,1,dut,3.871413475703435
38.75,1,foe1,0.0
38.75,1,foe2,0.0
38.75,1,foe3,0.0
38.75,1,ped,0.0
39.0,1,bike,0.0
39.0,1,dut,3.871413475703435
39.0,1,foe1,0.0
39.0,1,foe2,0.0
39.0,1,foe3,0.0
39.0,1,ped,0.0
39.25,1,bike,0.0
39.25,1,dut,3.871413475703435
39.25,1,foe1,0.0
39.25,1,foe2,0.0
39.25,1,foe3,0.0
39.25,1,ped,0.0
39.5,1,bike,0.0
39.5,1,dut,3.871413475703435
39.5,1,foe1,0.0
39.5,1,foe2,0.0
39.5,1,foe3,0.0
39.5,1,ped,0.0
39.75,1,bike,0.0
39.75,1,dut,3.871413475703435
39.75,1,foe1,0.0
39.75,1,foe2,0.0
39.75,1,foe3,0.0
39.75,1,ped,0.0
40.0,1,bike,0.0
40.0,1,dut,3.871413475703435
40.0,1,foe1,0.0
40.0,1,foe2,0.0
40.0,1,foe3,0.0
40.0,1,ped,0.0
40.25,1,bike,0.0
40.25,1,dut,3.871413475703435
40.25,1,foe1,0.0
40.25,1,foe2,0.0
40.25,1,foe3,0.0
40.25,1,ped,0.0
40.5,1,bike,0.0
40.5,1,dut,3.871413475703435
40.5,1,foe1,0.0
40.5,1,foe2,0.0
40.5,1,foe3,0.0
40.5,1,ped,0.0
40.75,1,bike,0.0
40.75,1,dut,3.871413475703435
40.75,1,foe1,0.0
40.75,1,foe2,0.0
40.75,1,foe3,0.0
40.75,1,ped,0.0
41.0,1,bike,0.0
41.0,1,dut,3.871413475703435
41.0,1,foe1,0.0
41.0,1,foe2,0.0
41.0,1,foe3,0.0
41.0,1,ped,0.0
41.25,1,bike,0.0
41.25,1,dut,3.871413475703435
41.25,1,foe1,0.0
41.25,1,foe2,0.0
41.25,1,foe3,0.0
41.25,1,ped,0.0
41.5,1,bike,0.0
41.5,1,dut,3.871413475703435
41.5,1,foe1,0.0
41.5,1,foe2,0.0
41.5,1,foe3,0.0
41.5,1,ped,0.0
41.75,1,bike,0.0
41.75,1,dut,3.871413475703435
41.75,1,foe1,0.0
41.75,1,foe2,0.0
41.75,1,foe3,0.0
41.75,1,ped,0.0
42.0,1,bike,0.0
42.0,1,dut,3.871413475703435
42.0,1,foe1,0.0
42.0,1,foe2,0.0
42.0,1,foe3,0.0
42.0,1,ped,0.0
42.25,1,bike,0.0
42.25,1,dut,3.871413475703435
42.25,1,foe1,0.0
42.25,1,foe2,0.0
42.25,1,foe3,0.0
42.25,1,ped,0.0
42.5,1,bike,0.0
42.5,1,dut,3.871413475703435
42.5,1,foe1,0.0
42.5,1,foe2,0.0
42.5,1,foe3,0.0
42.5,1,ped,0.0
42.75,1,bike,0.0
42.75,1,dut,3.871413475703435
42.75,1,foe1,0.0
42.75,1,foe2,0.0
42.75,1,foe3,0.0
42.75,1,ped,0.0
43.0,1,bike,0.0
43.0,1,dut,3.871413475703435
43.0,1,foe1,0.0
43.0,1,foe2,0.0
43.0,1,foe3,0.0
43.0,1,ped,0.0
43.25,1,bike,0.0
43.25,1,dut,3.871413475703435
43.25,1,foe1,11.614240427110305
43.25,1,foe2,0.0
43.25,1,foe3,0.0
43.25,1,ped,0.0
43.5,1,bike,0.0
43.5,1,dut,3.871413475703435
43.5,1,foe1,15.48565390281374
43.5,1,foe2,0.0
43.5,1,foe3,0.0
43.5,1,ped,0.0
43.75,1,bike,0.0
43.75,1,dut,3.871413475703435
43.75,1,foe1,19.357096160568585
43.75,1,foe2,0.0
43.75,1,foe3,0.0
43.75,1,ped,0.0
44.0,1,bike,0.0
44.0,1,dut,3.871413475703435
44.0,1,foe1,20.49808535003463
44.0,1,foe2,0.0
44.0,1,foe3,0.0
44.0,1,ped,0.0
44.25,1,bike,0.0
44.25,1,dut,3.871413475703435
44.25,1,foe1,21.028325638277078
44.25,1,foe2,0.0
44.25,1,foe3,0.0
44.25,1,ped,0.0
44.5,1,bike,0.0
44.5,1,dut,3.871413475703435
44.5,1,foe1,20.00274814812853
44.5,1,foe2,0.0
44.5,1,foe3,0.0
44.5,1,ped,0.0
44.75,1,bike,0.0
44.75,1,dut,3.871413475703435
44.75,1,foe1,18.713137425744296
44.75,1,foe2,11.614240427110305
44.75,1,foe3,0.0
44.75,1,ped,0.0
45.0,1,bike,0.0
45.0,1,dut,3.871413475703435
45.0,1,foe1,16.131334672425094
45.0,1,foe2,15.48565390281374
45.0,1,foe3,0.0
45.0,1,ped,0.0
45.25,1,bike,0.0
45.25,1,dut,3.871413475703435
45.25,1,foe1,12.757009215466235
45.25,1,foe2,19.357067378517176
45.25,1,foe3,0.0
45.25,1,ped,0.0
45.5,1,bike,0.0
45.5,1,dut,3.871413475703435
45.5,1,foe1,10.970310474337428
45.5,1,foe2,20.49808535003463
45.5,1,foe3,0.0
45.5,1,ped,0.0
45.75,1,bike,0.0
45.75,1,dut,3.871413475703435
45.75,1,foe1,7.133544638855758
45.75,1,foe2,21.028325638277078
45.75,1,foe3,0.0
45.75,1,ped,0.0
46.0,1,bike,0.0
46.0,1,dut,3.871413475703435
46.0,1,foe1,1.6730090765983785
46.0,1,foe2,20.00274814812853
46.0,1,foe3,0.0
46.0,1,ped,0.0
46.25,1,bike,0.0
46.25,1,dut,3.871413475703435
46.25,1,foe1,0.0
46.25,1,foe2,18.713137425744296
46.25,1,foe3,0.0
46.25,1,ped,0.0
46.5,1,bike,0.0
46.5,1,dut,3.871413475703435
46.5,1,foe1,0.0
46.5,1,foe2,16.131334672425094
46.5,1,foe3,0.0
46.5,1,ped,0.0
46.75,1,bike,0.0
46.75,1,dut,3.871413475703435
46.75,1,foe1,0.0
46.75,1,foe2,13.287249503708685
46.75,1,foe3,19.357067378517176
46.75,1,ped,0.0
47.0,1,bike,0.0
47.0,1,dut,3.871413475703435
47.0,1,foe1,0.0
47.0,1,foe2,11.352229368237689
47.0,1,foe3,27.099894329924044
47.0,1,ped,0.0
47.25,1,bike,0.0
47.25,1,dut,3.871413475703435
47.25,1,foe1,0.0
47.25,1,foe2,7.515463532756018
47.25,1,foe3,34.84272128133092
47.25,1,ped,0.0
47.5,1,bike,0.0
47.5,1,dut,3.871413475703435
47.5,1,foe1,0.0
47.5,1,foe2,2.7667939612462233
47.5,1,foe3,34.84272128133092
47.5,1,ped,0.0
47.75,1,bike,0.0
47.75,1,dut,3.871413475703435
47.75,1,foe1,0.0
47.75,1,foe2,0.03639845706024212
47.75,1,foe3,34.84272128133092
47.75,1,ped,0.0
48.0,1,bike,0.0
48.0,1,dut,3.871413475703435
48.0,1,foe1,0.0
48.0,1,foe2,0.0
48.0,1,foe3,42.585548232737786
48.0,1,ped,0.0
48.25,1,bike,0.0
48.25,1,dut,3.871413475703435
48.25,1,foe1,0.0
48.25,1,foe2,0.0
48.25,1,foe3,0.0
48.25,1,ped,0.0
48.5,1,bike,0.0
48.5,1,dut,3.871413475703435
48.5,1,foe1,0.0
48.5,1,foe2,0.0
48.5,1,foe3,0.0
48.5,1,ped,0.0
48.75,1,bike,0.0
48.75,1,dut,3.871413475703435
48.75,1,foe1,0.0
48.75,1,foe2,0.0
48.75,1,foe3,0.0
48.75,1,ped,0.0
49.0,1,bike,0.0
49.0,1,dut,3.871413475703435
49.0,1,foe1,0.0
49.0,1,foe2,0.0
49.0,1,foe3,0.0
49.0,1,ped,0.0
49.25,1,bike,0.0
49.25,1,dut,3.871413475703435
49.25,1,foe1,0.0
49.25,1,foe2,0.0
49.25,1,foe3,0.0
49.25,1,ped,0.0
49.5,1,bike,0.0
49.5,1,dut,3.871413475703435
49.5,1,foe1,0.0
49.5,1,foe2,0.0
49.5,1,foe3,0.0
49.5,1,ped,0.0
49.75,2,bike,0.0
49.75,2,dut,3.871413475703435
49.75,2,foe2,0.0
49.75,2,foe3,0.0
49.75,2,ped,0.0
50.0,2,bike,0.0
50.0,2,dut,3.871413475703435
50.0,2,foe2,0.0017795988898838331
50.0,2,foe3,0.0
50.0,2,ped,0.0
50.25,2,bike,0.0
50.25,2,dut,3.871413475703435
50.25,2,foe2,0.6838588255614797
50.25,2,foe3,0.0
50.25,2,ped,0.0
50.5,2,bike,0.0
50.5,2,dut,3.871413475703435
50.5,2,foe2,2.885793640394894
50.5,2,foe3,0.0
50.5,2,ped,0.0
50.75,2,bike,0.0
50.75,2,dut,3.871413475703435
50.75,2,foe2,5.123690645457489
50.75,2,foe3,0.0
50.75,2,ped,0.0
51.0,2,bike,0.0
51.0,2,dut,3.871413475703435
51.0,2,foe2,6.9070526632158185
51.0,2,foe3,0.0
51.0,2,ped,0.0
51.25,2,bike,0.0
51.25,2,dut,3.871413475703435
51.25,2,foe2,9.224218356650253
51.25,2,foe3,50.328375184144654
51.25,2,ped,0.0
51.5,2,bike,0.0
51.5,2,dut,3.871413475703435
51.5,2,foe2,11.38944170420603
51.5,2,foe3,50.328375184144654
51.5,2,ped,0.0
51.75,2,bike,0.0
51.75,2,dut,3.871413475703435
51.75,2,foe2,12.033400439030318
51.75,2,foe3,42.585548232737786
51.75,2,ped,0.0
52.0,2,bike,0.0
52.0,2,dut,3.871413475703435
52.0,2,foe2,13.972859146108645
52.0,2,foe3,42.585548232737786
52.0,2,ped,0.0
52.25,2,bike,0.0
52.25,2,dut,3.871413475703435
52.25,2,foe2,14.007506786330412
52.25,2,foe3,42.585548232737786
52.25,2,ped,0.0
52.5,2,bike,0.0
52.5,2,dut,3.871413475703435
52.5,2,foe2,14.269517845203028
52.5,2,foe3,42.585548232737786
52.5,2,ped,0.0
52.75,2,bike,0.0
52.75,2,dut,3.871413475703435
52.75,2,foe2,16.051355710186066
52.75,2,foe3,42.585548232737786
52.75,2,ped,0.0
53.0,2,bike,0.0
53.0,2,dut,3.871413475703435
53.0,2,foe2,16.930333840779493
53.0,2,foe3,42.585548232737786
53.0,2,ped,0.0
53.25,2,bike,0.0
53.25,2,dut,3.871413475703435
53.25,2,foe2,17.34690037490152
53.25,2,foe3,42.585548232737786
53.25,2,ped,0.0
53.5,2,bike,0.0
53.5,2,dut,3.871413475703435
53.5,2,foe2,17.877169445195374
53.5,2,foe3,42.585548232737786
53.5,2,ped,0.0
53.75,2,bike,0.0
53.75,2,dut,3.871413475703435
53.75,2,foe2,18.633429820029853
53.75,2,foe3,34.84272128133092
53.75,2,ped,0.0
54.0,2,bike,0.0
54.0,2,dut,3.871413475703435
54.0,2,foe2,18.63515185481692
54.0,2,foe3,34.84272128133092
54.0,2,ped,0.0
54.25,2,bike,0.0
54.25,2,dut,3.871413475703435
54.25,2,foe2,19.16539214305937
54.25,2,foe3,34.84272128133092
54.25,2,ped,0.0
54.5,2,bike,0.0
54.5,2,dut,3.871413475703435
54.5,2,foe2,19.659007310178403
54.5,2,foe3,34.84272128133092
54.5,2,ped,0.0
54.75,2,bike,0.0
54.75,2,dut,3.871413475703435
54.75,2,foe2,19.659007310178403
54.75,2,foe3,34.84272128133092
54.75,2,ped,0.0
55.0,2,bike,0.0
55.0,2,dut,3.871413475703435
55.0,2,foe2,20.189247598420852
55.0,2,foe3,34.84272128133092
55.0,2,ped,0.0
55.25,2,bike,0.0
55.25,2,dut,3.871413475703435
55.25,2,foe2,20.571166492321115
55.25,2,foe3,34.84272128133092
55.25,2,ped,0.0
55.5,2,bike,0.0
55.5,2,dut,3.871413475703435
55.5,2,foe2,20.57116649232111
55.5,2,foe3,27.099894329924044
55.5,2,ped,0.0
55.75,2,bike,0.0
55.75,2,dut,3.871413475703435
55.75,2,foe2,20.571166492321115
55.75,2,foe3,27.099894329924044
55.75,2,ped,0.0
56.0,2,bike,0.0
56.0,2,dut,3.871413475703435
56.0,2,foe2,21.066474912175806
56.0,2,foe3,27.099894329924044
56.0,2,ped,0.0
56.25,2,bike,0.0
56.25,2,dut,3.871413475703435
56.25,2,foe2,21.031856054005445
56.25,2,foe3,27.099894329924044
56.25,2,ped,0.0
56.5,2,bike,0.0
56.5,2,dut,3.871413475703435
56.5,2,foe2,21.030134019218377
56.5,2,foe3,27.099894329924044
56.5,2,ped,0.0
56.75,2,bike,0.0
56.75,2,dut,3.871413475703435
56.75,2,foe2,21.030105237166968
56.75,2,foe3,27.099894329924044
56.75,2,ped,0.0
57.0,2,bike,0.0
57.0,2,dut,3.871413475703435
57.0,2,foe2,21.030105237166968
57.0,2,foe3,27.099894329924044
57.0,2,ped,0.0
57.25,2,bike,0.0
57.25,2,dut,3.871413475703435
57.25,2,foe2,21.064752877388734
57.25,2,foe3,27.099894329924044
57.25,2,ped,0.0
57.5,2,bike,0.0
57.5,2,dut,3.871413475703435
57.5,2,foe2,21.063002060550257
57.5,2,foe3,27.099894329924044
57.5,2,ped,0.0
57.75,2,bike,0.0
57.75,2,dut,3.871413475703435
57.75,2,foe2,21.02835442032849
57.75,2,foe3,27.099894329924044
57.75,2,ped,0.0
58.0,2,bike,0.0
58.0,2,dut,3.871413475703435
58.0,2,foe2,21.02835442032849
58.0,2,foe3,19.357067378517176
58.0,2,ped,0.0
58.25,2,bike,0.0
58.25,2,dut,3.871413475703435
58.25,2,foe2,21.030105237166964
58.25,2,foe3,19.357067378517176
58.25,2,ped,0.0
58.5,2,bike,0.0
58.5,2,dut,3.871413475703435
58.5,2,foe2,21.030076455115555
58.5,2,foe3,19.357067378517176
58.5,2,ped,0.0
58.75,2,bike,0.0
58.75,2,dut,3.871413475703435
58.75,2,foe2,21.028354420328487
58.75,2,foe3,19.357067378517176
58.75,2,ped,0.0
59.0,2,bike,0.0
59.0,2,dut,3.871413475703435
59.0,2,foe2,21.028354420328487
59.0,2,foe3,19.357067378517176
59.0,2,ped,0.0
59.25,2,bike,0.0
59.25,2,dut,3.871413475703435
59.25,2,foe2,21.028354420328487
59.25,2,foe3,19.357067378517176
59.25,2,ped,0.0
59.5,2,bike,0.0
59.5,2,dut,3.871413475703435
59.5,2,foe2,21.062973278498845
59.5,2,foe3,19.357067378517176
59.5,2,ped,0.0
59.75,2,bike,0.0
59.75,2,dut,3.871413475703435
59.75,2,foe2,21.030076455115555
59.75,2,foe3,0.0
59.75,2,ped,0.0
60.0,2,bike,0.0
60.0,2,dut,3.871413475703435
60.0,2,foe2,21.030076455115555
60.0,2,foe3,0.0
60.0,2,ped,0.0
60.25,2,bike,0.0
60.25,2,dut,3.871413475703435
60.25,2,foe2,21.030076455115555
60.25,2,foe3,0.0
60.25,2,ped,0.0
60.5,2,bike,0.0
60.5,2,dut,3.871413475703435
60.5,2,foe2,21.028354420328487
60.5,2,foe3,0.0
60.5,2,ped,0.0
60.75,2,bike,0.0
60.75,2,dut,3.871413475703435
60.75,2,foe2,21.028354420328487
60.75,2,foe3,0.0
60.75,2,ped,0.0
61.0,2,bike,0.0
61.0,2,dut,3.871413475703435
61.0,2,foe2,21.028325638277078
61.0,2,foe3,0.0
61.0,2,ped,0.0
61.25,2,bike,0.0
61.25,2,dut,3.871413475703435
61.25,2,foe2,21.028325638277078
61.25,2,foe3,0.0
61.25,2,ped,0.0
61.5,2,bike,0.0
61.5,2,dut,3.871413475703435
61.5,2,foe2,21.028325638277078
61.5,2,foe3,0.0
61.5,2,ped,0.0
61.75,2,bike,0.0
61.75,2,dut,3.871413475703435
61.75,2,foe2,20.49808535003463
61.75,2,foe3,0.0
61.75,2,ped,0.0
62.0,2,bike,0.0
62.0,2,dut,3.871413475703435
62.0,2,foe2,20.49808535003463
62.0,2,foe3,0.0
62.0,2,ped,0.0
62.25,2,bike,0.0
62.25,2,dut,3.871413475703435
62.25,2,foe2,20.49808535003463
62.25,2,foe3,0.0
62.25,2,ped,0.0
62.5,2,bike,0.0
62.5,2,dut,3.871413475703435
62.5,2,foe2,20.49808535003463
62.5,2,foe3,0.0
62.5,2,ped,0.0
62.75,2,bike,0.0
62.75,2,dut,3.871413475703435
62.75,2,foe2,20.00274814812853
62.75,2,foe3,0.0
62.75,2,ped,0.0
63.0,2,bike,0.0
63.0,2,dut,3.871413475703435
63.0,2,foe2,19.62082925422827
63.0,2,foe3,0.0
63.0,2,ped,0.0
63.25,2,bike,0.0
63.25,2,dut,3.871413475703435
63.25,2,foe2,19.62082925422827
63.25,2,foe3,0.0
63.25,2,ped,0.0
63.5,2,bike,0.0
63.5,2,dut,3.871413475703435
63.5,2,foe2,19.39346583557742
63.5,2,foe3,0.0
63.5,2,ped,0.0
63.75,2,bike,0.0
63.75,2,dut,3.871413475703435
63.75,2,foe2,19.39346583557742
63.75,2,foe3,0.0
63.75,2,ped,0.0
64.0,2,bike,0.0
64.0,2,dut,3.871413475703435
64.0,2,foe2,19.357096160568585
64.0,2,foe3,0.0
64.0,2,ped,0.0
64.25,2,bike,0.0
64.25,2,dut,3.871413475703435
64.25,2,foe2,19.357067378517176
64.25,2,foe3,0.0
64.25,2,ped,0.0
64.5,2,bike,0.0
64.5,2,dut,3.871413475703435
64.5,2,foe2,15.48565390281374
64.5,2,foe3,0.0
64.5,2,ped,0.0
64.75,2,bike,0.0
64.75,2,dut,3.871413475703435
64.75,2,foe2,15.48565390281374
64.75,2,foe3,0.0
64.75,2,ped,0.0
65.0,2,bike,0.0
65.0,2,dut,3.871413475703435
65.0,2,foe2,15.48565390281374
65.0,2,foe3,0.0
65.0,2,ped,0.0
65.25,2,bike,0.0
65.25,2,dut,3.871413475703435
65.25,2,foe2,15.48565390281374
65.25,2,foe3,0.0
65.25,2,ped,0.0
65.5,2,bike,0.0
65.5,2,dut,3.871413475703435
65.5,2,foe2,15.48565390281374
65.5,2,foe3,0.0
65.5,2,ped,0.0
65.75,2,bike,0.0
65.75,2,dut,3.871413475703435
65.75,2,foe2,15.48565390281374
65.75,2,foe3,0.0
65.75,2,ped,0.0
66.0,2,bike,0.0
66.0,2,dut,3.871413475703435
66.0,2,foe2,11.614240427110305
66.0,2,foe3,0.0
66.0,2,ped,0.0
66.25,2,bike,0.0
66.25,2,dut,3.871413475703435
66.25,2,foe2,11.614240427110305
66.25,2,foe3,0.0
66.25,2,ped,0.0
66.5,2,bike,0.0
66.5,2,dut,3.871413475703435
66.5,2,foe2,11.614240427110305
66.5,2,foe3,0.0
66.5,2,ped,0.0
66.75,2,bike,0.0
66.75,2,dut,3.871413475703435
66.75,2,foe2,7.74282695140687
66.75,2,foe3,0.0
66.75,2,ped,0.0
67.0,2,bike,0.0
67.0,2,dut,3.871413475703435
67.0,2,foe2,0.0
67.0,2,foe3,0.0
67.0,2,ped,0.0
67.25,2,bike,0.0
67.25,2,dut,3.871413475703435
67.25,2,foe2,0.0
67.25,2,foe3,0.0
67.25,2,ped,0.0
67.5,2,bike,0.0
67.5,2,dut,3.871413475703435
67.5,2,foe2,0.0
67.5,2,foe3,0.0
67.5,2,ped,0.0
67.75,2,bike,0.0
67.75,2,dut,3.871413475703435
67.75,2,foe2,0.0
67.75,2,foe3,0.0
67.75,2,ped,0.0
68.0,2,bike,0.0
68.0,2,dut,3.871413475703435
68.0,2,foe2,0.0
68.0,2,foe3,0.0
68.0,2,ped,0.0
68.25,2,bike,0.0
68.25,2,dut,3.871413475703435
68.25,2,foe2,0.0
68.25,2,foe3,0.0
68.25,2,ped,0.0
68.5,2,bike,0.0
68.5,2,dut,3.871413475703435
68.5,2,foe2,0.0
68.5,2,foe3,0.0
68.5,2,ped,0.0
68.75,2,bike,0.0
68.75,2,dut,3.871413475703435
68.75,2,foe2,0.0
68.75,2,foe3,0.0
68.75,2,ped,0.0
69.0,2,bike,0.0
69.0,2,dut,3.871413475703435
69.0,2,foe2,0.0
69.0,2,foe3,0.0
69.0,2,ped,0.0
69.25,2,bike,0.0
69.25,2,dut,3.871413475703435
69.25,2,foe2,0.0
69.25,2,foe3,0.0
69.25,2,ped,0.0
69.5,2,bike,0.0
69.5,2,dut,3.871413475703435
69.5,2,foe2,0.0
69.5,2,foe3,0.0
69.5,2,ped,0.0
69.75,2,bike,0.0
69.75,2,dut,3.871413475703435
69.75,2,foe2,0.0
69.75,2,foe3,0.0
69.75,2,ped,0.0
70.0,2,bike,0.0
70.0,2,dut,3.871413475703435
70.0,2,foe2,0.0
70.0,2,foe3,0.0
70.0,2,ped,0.0
70.25,2,bike,3.4842721281330915
70.25,2,dut,3.871413475703435
70.25,2,foe2,0.0
70.25,2,foe3,0.0
70.25,2,ped,0.0
70.5,2,bike,10.452816384399275
70.5,2,dut,3.871413475703435
70.5,2,foe2,0.0
70.5,2,foe3,0.0
70.5,2,ped,0.0
70.75,2,bike,14.998339033406921
70.75,2,dut,3.871413475703435
70.75,2,foe2,0.0
70.75,2,foe3,0.0
70.75,2,ped,0.0
71.0,2,bike,19.539390282300072
71.0,2,dut,3.871413475703435
71.0,2,foe2,0.0
71.0,2,foe3,0.0
71.0,2,ped,0.0
71.25,2,bike,23.025212241741524
71.25,2,dut,3.871413475703435
71.25,2,foe2,0.0
71.25,2,foe3,0.0
71.25,2,ped,0.0
71.5,2,bike,21.043889452385677
71.5,2,dut,3.871413475703435
71.5,2,foe2,0.0
71.5,2,foe3,0.0
71.5,2,ped,0.0
71.75,2,bike,19.096508369390715
71.75,2,dut,3.871413475703435
71.75,2,foe2,0.0
71.75,2,foe3,0.0
71.75,2,ped,0.0
72.0,2,bike,18.071167930179634
72.0,2,dut,3.871413475703435
72.0,2,foe2,0.0
72.0,2,foe3,0.0
72.0,2,ped,0.0
72.25,2,bike,16.432310357202454
72.25,2,dut,3.871413475703435
72.25,2,foe2,0.0
72.25,2,foe3,0.0
72.25,2,ped,0.0
72.5,2,bike,12.98079684042358
72.5,2,dut,3.871413475703435
72.5,2,foe2,0.0
72.5,2,foe3,0.0
72.5,2,ped,0.0
72.75,2,bike,10.346180065434014
72.75,2,dut,3.871413475703435
72.75,2,foe2,0.0
72.75,2,foe3,0.0
72.75,2,ped,0.0
73.0,2,bike,7.988563091807213
73.0,2,dut,3.871413475703435
73.0,2,foe2,0.0
73.0,2,foe3,0.0
73.0,2,ped,0.0
73.25,2,bike,6.792954168041079
73.25,2,dut,3.871413475703435
73.25,2,foe2,0.0
73.25,2,foe3,0.0
73.25,2,ped,0.0
73.5,3,bike,6.7564048398971215
73.5,3,dut,3.871413475703435
73.5,3,ped,0.0
73.75,3,bike,11.391511280046217
73.75,3,dut,3.871413475703435
73.75,3,ped,0.0
74.0,3,bike,15.020764689175566
74.0,3,dut,3.871413475703435
74.0,3,ped,0.0
74.25,3,bike,16.86680417144295
74.25,3,dut,3.871413475703435
74.25,3,ped,0.0
74.5,3,bike,16.835391393740238
74.5,3,dut,3.871413475703435
74.5,3,ped,0.0
74.75,3,bike,15.943784430309261
74.75,3,dut,3.871413475703435
74.75,3,ped,0.0
75.0,3,bike,15.020764689175566
75.0,3,dut,3.871413475703435
75.0,3,ped,0.0
75.25,3,bike,16.421000689727464
75.25,3,dut,3.871413475703435
75.25,3,ped,0.0
75.5,3,bike,17.851440469129138
75.5,3,dut,3.871413475703435
75.5,3,ped,0.0
75.75,3,bike,19.2504674708281
75.75,3,dut,3.871413475703435
75.75,3,ped,0.0
76.0,3,bike,20.203690990811566
76.0,3,dut,3.871413475703435
76.0,3,ped,0.0
76.25,3,bike,20.680907250229772
76.25,3,dut,3.871413475703435
76.25,3,ped,0.0
76.5,3,bike,21.15812350964798
76.5,3,dut,3.871413475703435
76.5,3,ped,0.0
76.75,3,bike,22.11134702963145
76.75,3,dut,3.871413475703435
76.75,3,ped,0.0
77.0,3,bike,22.11134702963145
77.0,3,dut,3.871413475703435
77.0,3,ped,0.0
77.25,3,bike,22.587354290196714
77.25,3,dut,3.871413475703435
77.25,3,ped,0.0
77.5,3,bike,23.510374031330407
77.5,3,dut,3.871413475703435
77.5,3,ped,0.0
77.75,3,bike,23.510374031330407
77.75,3,dut,3.871413475703435
77.75,3,ped,0.0
78.0,3,bike,24.568702983398833
78.0,3,dut,3.871413475703435
78.0,3,ped,0.0
78.25,3,bike,25.01450646511432
78.25,3,dut,3.871413475703435
78.25,3,ped,0.0
78.5,3,bike,26.071626418329807
78.5,3,dut,3.871413475703435
78.5,3,ped,0.0
78.75,3,bike,26.071626418329807
78.75,3,dut,3.871413475703435
78.75,3,ped,0.0
79.0,3,bike,26.071626418329807
79.0,3,dut,3.871413475703435
79.0,3,ped,0.0
79.25,3,bike,26.517429900045297
79.25,3,dut,3.871413475703435
79.25,3,ped,0.0
79.5,3,bike,27.098542592695512
79.5,3,dut,3.871413475703435
79.5,3,ped,0.0
79.75,3,bike,27.098542592695512
79.75,3,dut,3.871413475703435
79.75,3,ped,0.0
80.0,3,bike,27.098542592695512
80.0,3,dut,3.871413475703435
80.0,3,ped,0.0
80.25,3,bike,27.57575885211372
80.25,3,dut,3.871413475703435
80.25,3,ped,0.0
80.5,3,bike,27.57575885211372
80.5,3,dut,3.871413475703435
80.5,3,ped,0.0
80.75,3,bike,27.57575885211372
80.75,3,dut,3.871413475703435
80.75,3,ped,0.0
81.0,3,bike,27.57575885211372
81.0,3,dut,3.871413475703435
81.0,3,ped,0.0
81.25,3,bike,27.57575885211372
81.25,3,dut,3.871413475703435
81.25,3,ped,0.0
81.5,3,bike,27.57575885211372
81.5,3,dut,3.871413475703435
81.5,3,ped,0.0
81.75,3,bike,27.098542592695512
81.75,3,dut,3.871413475703435
81.75,3,ped,0.0
82.0,3,bike,27.098542592695512
82.0,3,dut,3.871413475703435
82.0,3,ped,0.0
82.25,3,bike,27.544346074411003
82.25,3,dut,3.871413475703435
82.25,3,ped,0.0
82.5,3,bike,27.544346074411003
82.5,3,dut,3.871413475703435
82.5,3,ped,0.0
82.75,3,bike,28.02156233382921
82.75,3,dut,3.871413475703435
82.75,3,ped,0.0
83.0,3,bike,27.44044964117899
83.0,3,dut,3.871413475703435
83.0,3,ped,0.0
83.25,3,bike,27.44044964117899
83.25,3,dut,3.871413475703435
83.25,3,ped,0.0
83.5,3,bike,26.9946461594635
83.5,3,dut,3.871413475703435
83.5,3,ped,0.0
83.75,3,bike,26.9946461594635
83.75,3,dut,3.871413475703435
83.75,3,ped,0.0
84.0,3,bike,26.9946461594635
84.0,3,dut,3.871413475703435
84.0,3,ped,0.0
84.25,3,bike,26.9946461594635
84.25,3,dut,3.871413475703435
84.25,3,ped,0.0
84.5,3,bike,26.9946461594635
84.5,3,dut,3.871413475703435
84.5,3,ped,0.0
84.75,3,bike,27.471862418881706
84.75,3,dut,3.871413475703435
84.75,3,ped,0.0
85.0,3,bike,26.890749726231487
85.0,3,dut,3.871413475703435
85.0,3,ped,0.0
85.25,3,bike,26.890749726231487
85.25,3,dut,3.871413475703435
85.25,3,ped,0.0
85.5,3,bike,26.890749726231487
85.5,3,dut,3.871413475703435
85.5,3,ped,0.0
85.75,3,bike,26.890749726231487
85.75,3,dut,3.871413475703435
85.75,3,ped,0.0
86.0,3,bike,26.444946244515997
86.0,3,dut,3.871413475703435
86.0,3,ped,0.0
86.25,3,bike,26.444946244515997
86.25,3,dut,3.871413475703435
86.25,3,ped,0.0
86.5,3,bike,26.207560556376013
86.5,3,dut,3.871413475703435
86.5,3,ped,0.0
86.75,3,bike,25.386617292447575
86.75,3,dut,3.871413475703435
86.75,3,ped,0.0
87.0,3,bike,25.386617292447575
87.0,3,dut,3.871413475703435
87.0,3,ped,0.0
87.25,3,bike,25.386617292447575
87.25,3,dut,3.871413475703435
87.25,3,ped,0.0
87.5,3,bike,25.386617292447575
87.5,3,dut,3.871413475703435
87.5,3,ped,0.0
87.75,3,bike,25.386617292447575
87.75,3,dut,3.871413475703435
87.75,3,ped,0.0
88.0,3,bike,25.386617292447575
88.0,3,dut,3.871413475703435
88.0,3,ped,0.0
88.25,3,bike,24.940813810732084
88.25,3,dut,3.871413475703435
88.25,3,ped,0.0
88.5,3,bike,24.940813810732084
88.5,3,dut,3.871413475703435
88.5,3,ped,0.0
88.75,3,bike,24.940813810732084
88.75,3,dut,3.871413475703435
88.75,3,ped,0.0
89.0,3,bike,24.940813810732084
89.0,3,dut,3.871413475703435
89.0,3,ped,0.0
89.25,3,bike,25.41803007015029
89.25,3,dut,3.871413475703435
89.25,3,ped,0.0
89.5,3,bike,25.41803007015029
89.5,3,dut,3.871413475703435
89.5,3,ped,0.0
89.75,3,bike,25.41803007015029
89.75,3,dut,3.871413475703435
89.75,3,ped,0.0
90.0,3,bike,25.41803007015029
90.0,3,dut,3.871413475703435
90.0,3,ped,0.0
90.25,3,bike,25.41803007015029
90.25,3,dut,3.871413475703435
90.25,3,ped,0.0
90.5,3,bike,25.41803007015029
90.5,3,dut,3.871413475703435
90.5,3,ped,0.0
90.75,3,bike,25.41803007015029
90.75,3,dut,3.871413475703435
90.75,3,ped,0.0
91.0,3,bike,24.940813810732084
91.0,3,dut,3.871413475703435
91.0,3,ped,0.0
91.25,3,bike,24.940813810732084
91.25,3,dut,3.871413475703435
91.25,3,ped,0.0
91.5,3,bike,24.940813810732084
91.5,3,dut,3.871413475703435
91.5,3,ped,0.0
91.75,3,bike,24.940813810732084
91.75,3,dut,3.871413475703435
91.75,3,ped,0.0
92.0,3,bike,24.940813810732084
92.0,3,dut,3.871413475703435
92.0,3,ped,0.0
92.25,3,bike,24.940813810732084
92.25,3,dut,3.871413475703435
92.25,3,ped,0.0
92.5,3,bike,24.940813810732084
92.5,3,dut,3.871413475703435
92.5,3,ped,0.0
92.75,3,bike,24.940813810732084
92.75,3,dut,3.871413475703435
92.75,3,ped,0.0
93.0,3,bike,24.940813810732084
93.0,3,dut,3.871413475703435
93.0,3,ped,0.0
93.25,3,bike,24.940813810732084
93.25,3,dut,3.871413475703435
93.25,3,ped,0.09018062952726867
93.5,3,bike,25.41803007015029
93.5,3,dut,3.871413475703435
93.5,3,ped,9.434184862987651
93.75,3,bike,25.41803007015029
93.75,3,dut,3.871413475703435
93.75,3,ped,10.590927297990111
94.0,3,bike,25.41803007015029
94.0,3,dut,3.871413475703435
94.0,3,ped,14.42236007030623
94.25,3,bike,25.41803007015029
94.25,3,dut,3.871413475703435
94.25,3,ped,16.69760517963823
94.5,3,bike,25.41803007015029
94.5,3,dut,3.871413475703435
94.5,3,ped,15.757942999002246
94.75,3,bike,25.41803007015029
94.75,3,dut,3.871413475703435
94.75,3,ped,14.818497903585934
95.0,3,bike,25.41803007015029
95.0,3,dut,3.871413475703435
95.0,3,ped,13.38554200211477
95.25,3,bike,24.940813810732088
95.25,3,dut,3.871413475703435
95.25,3,ped,12.260586237568532
95.5,3,bike,24.940813810732088
95.5,3,dut,3.871413475703435
95.5,3,ped,11.686095882931566
95.75,3,bike,24.940813810732088
95.75,3,dut,3.871413475703435
95.75,3,ped,11.449810266348864
96.0,3,bike,24.940813810732088
96.0,3,dut,3.871413475703435
96.0,3,ped,11.72604528457034
96.25,3,bike,24.940813810732088
96.25,3,dut,3.871413475703435
96.25,3,ped,11.68985704852334
96.5,3,bike,25.41803007015029
96.5,3,dut,3.871413475703435
96.5,3,ped,10.130803388151447
96.75,3,bike,25.41803007015029
96.75,3,dut,3.871413475703435
96.75,3,ped,0.0
97.0,3,bike,25.41803007015029
97.0,3,dut,3.871413475703435
97.0,3,ped,0.0
97.25,3,bike,25.41803007015029
97.25,3,dut,3.871413475703435
97.25,3,ped,0.0
97.5,3,bike,25.41803007015029
97.5,3,dut,3.871413475703435
97.5,3,ped,0.0
97.75,3,bike,24.46480655016682
97.75,3,dut,3.871413475703435
97.75,3,ped,0.0
98.0,3,bike,22.558359510199875
98.0,3,dut,3.871413475703435
98.0,3,ped,0.0
98.25,3,bike,12.448020276087881
98.25,3,dut,3.871413475703435
98.25,3,ped,0.0
98.5,4,bike,3.605380279845588
98.5,4,dut,3.871413475703435
98.5,4,ped,0.0
98.75,4,bike,1.244360328395035
98.75,4,dut,3.871413475703435
98.75,4,ped,0.0
99.0,4,bike,0.8070846952860307
99.0,4,dut,3.871413475703435
99.0,4,ped,0.0
99.25,4,bike,0.6024576185002649
99.25,4,dut,3.871413475703435
99.25,4,ped,0.0
99.5,4,bike,0.6024576185002649
99.5,4,dut,3.871413475703435
99.5,4,ped,0.0
99.75,4,bike,0.6024576185002649
99.75,4,dut,3.871413475703435
99.75,4,ped,0.0
100.0,4,bike,0.6024576185002649
100.0,4,dut,3.871413475703435
100.0,4,ped,0.0
100.25,4,bike,0.6024576185002649
100.25,4,dut,3.871413475703435
100.25,4,ped,6.362883458909394
100.5,4,bike,0.6024576185002649
100.5,4,dut,3.871413475703435
100.5,4,ped,6.362883458909394
100.75,4,bike,0.6024576185002649
100.75,4,dut,3.871413475703435
100.75,4,ped,6.362883458909394
101.0,4,bike,0.6024576185002649
101.0,4,dut,3.871413475703435
101.0,4,ped,12.30692988178259
101.25,4,bike,0.6024576185002649
101.25,4,dut,3.871413475703435
101.25,4,ped,11.45854542059467
101.5,4,bike,0.6024576185002649
101.5,4,dut,3.871413475703435
101.5,4,ped,15.617379916803841
101.75,4,bike,0.6024576185002649
101.75,4,dut,3.871413475703435
101.75,4,ped,14.768995455615922
102.0,4,bike,0.6024576185002649
102.0,4,dut,3.871413475703435
102.0,4,ped,17.497356479426127
102.25,4,bike,0.6024576185002649
102.25,4,dut,3.871413475703435
102.25,4,ped,16.22477978764425
102.5,4,bike,0.6024576185002649
102.5,4,dut,3.871413475703435
102.5,4,ped,14.0953980867417
102.75,4,bike,0.6024576185002649
102.75,4,dut,3.871413475703435
102.75,4,ped,13.67120585614774
103.0,4,bike,0.6024576185002649
103.0,4,dut,3.871413475703435
103.0,4,ped,13.67120585614774
103.25,4,bike,0.6024576185002649
103.25,4,dut,3.871413475703435
103.25,4,ped,8.917346345678833
103.5,4,bike,0.6024576185002649
103.5,4,dut,3.871413475703435
103.5,4,ped,7.731292316763501
103.75,4,bike,0.6024576185002649
103.75,4,dut,3.871413475703435
103.75,4,ped,7.732669944593154
104.0,4,bike,0.6024576185002649
104.0,4,dut,3.871413475703435
104.0,4,ped,3.1510208456196778
104.25,4,bike,0.6024576185002649
104.25,4,dut,3.871413475703435
104.25,4,ped,3.1607333173506347
104.5,4,bike,0.6024576185002649
104.5,4,dut,3.871413475703435
104.5,4,ped,2.976087326770646
104.75,4,bike,0.6024576185002649
104.75,4,dut,3.871413475703435
104.75,4,ped,2.612328882570411
105.0,4,bike,0.6024576185002649
105.0,4,dut,3.871413475703435
105.0,4,ped,0.4282163844103366
105.25,4,bike,0.6024576185002649
105.25,4,dut,3.871413475703435
105.25,4,ped,0.0
105.5,4,bike,0.6024576185002649
105.5,4,dut,3.871413475703435
105.5,4,ped,0.08453196436189353
105.75,4,bike,0.6024576185002649
105.75,4,dut,3.871413475703435
105.75,4,ped,0.33957456220060783
106.0,4,bike,0.6024576185002649
106.0,4,dut,3.871413475703435
106.0,4,ped,0.4339111008579649
106.25,4,bike,0.6024576185002649
106.25,4,dut,3.871413475703435
106.25,4,ped,0.4367814847229056
106.5,4,bike,0.6024576185002649
106.5,4,dut,3.871413475703435
106.5,4,ped,1.7100166291676704
106.75,4,bike,0.6024576185002649
106.75,4,dut,3.871413475703435
106.75,4,ped,11.4952403859429
107.0,4,bike,0.6024576185002649
107.0,4,dut,3.871413475703435
107.0,4,ped,25.79294731599307
107.25,4,bike,0.6024576185002649
107.25,4,dut,3.871413475703435
107.25,4,ped,28.27261914352485
107.5,4,bike,0.6024576185002649
107.5,4,dut,3.871413475703435
107.5,4,ped,25.901425613050584
107.75,4,bike,0.6024576185002649
107.75,4,dut,3.871413475703435
107.75,4,ped,23.439993585411813
108.0,4,bike,0.6024576185002649
108.0,4,dut,3.871413475703435
108.0,4,ped,23.43294426677565
108.25,4,bike,0.6024576185002649
108.25,4,dut,3.871413475703435
108.25,4,ped,23.172345106336063
108.5,4,bike,0.6024576185002649
108.5,4,dut,3.871413475703435
108.5,4,ped,21.91191374244707
108.75,4,bike,0.6024576185002649
108.75,4,dut,3.871413475703435
108.75,4,ped,20.274897128160948
109.0,4,bike,0.6024576185002649
109.0,4,dut,3.871413475703435
109.0,4,ped,15.997405516478029
109.25,4,bike,0.6024576185002649
109.25,4,dut,3.871413475703435
109.25,4,ped,15.691870401357821
109.5,4,bike,0.6024576185002649
109.5,4,dut,3.871413475703435
109.5,4,ped,15.691870401357821
109.75,4,bike,0.6024576185002649
109.75,4,dut,3.871413475703435
109.75,4,ped,9.32470641353772
110.0,4,bike,0.6024576185002649
110.0,4,dut,3.871413475703435
110.0,4,ped,8.478471283643913
110.25,4,bike,0.6024576185002649
110.25,4,dut,3.871413475703435
110.25,4,ped,3.392463179104621
110.5,4,bike,0.6024576185002649
110.5,4,dut,3.871413475703435
110.5,4,ped,0.0
110.75,4,bike,0.6024576185002649
110.75,4,dut,3.871413475703435
110.75,4,ped,0.0
111.0,4,bike,0.6024576185002649
111.0,4,dut,3.871413475703435
111.0,4,ped,0.0
111.25,4,bike,0.6024576185002649
111.25,4,dut,3.871413475703435
111.25,4,ped,0.0
111.5,4,bike,0.6024576185002649
111.5,4,dut,3.871413475703435
111.5,4,ped,0.0
111.75,5,bike,0.6024576185002649
111.75,5,dut,3.871413475703435
111.75,5,ped,0.0
112.0,5,bike,5.625108183571283
112.0,5,dut,3.871413475703435
112.0,5,ped,0.0
112.25,5,bike,11.924259300825156
112.25,5,dut,3.871413475703435
112.25,5,ped,0.0
112.5,5,bike,14.93376005267828
112.5,5,dut,3.871413475703435
112.5,5,ped,0.0
112.75,5,bike,16.990037284547935
112.75,5,dut,3.871413475703435
112.75,5,ped,0.0
113.0,5,bike,19.31208402738059
113.0,5,dut,3.871413475703435
113.0,5,ped,0.0
113.25,5,bike,20.235103768514286
113.25,5,dut,3.871413475703435
113.25,5,ped,0.0
113.5,5,bike,20.235103768514286
113.5,5,dut,3.871413475703435
113.5,5,ped,0.0
113.75,5,bike,22.11134702963145
113.75,5,dut,3.871413475703435
113.75,5,ped,0.0
114.0,5,bike,22.588563289049656
114.0,5,dut,3.871413475703435
114.0,5,ped,0.0
114.25,5,bike,23.510374031330407
114.25,5,dut,3.871413475703435
114.25,5,ped,0.0
114.5,5,bike,23.987590290748614
114.5,5,dut,3.871413475703435
114.5,5,ped,0.5733903169394553
114.75,5,bike,23.987590290748614
114.75,5,dut,3.871413475703435
114.75,5,ped,0.5733903169394553
115.0,5,bike,23.987590290748614
115.0,5,dut,3.871413475703435
115.0,5,ped,0.8803030598893177
115.25,5,bike,24.464806550166816
115.25,5,dut,3.871413475703435
115.25,5,ped,1.7969084052499438
115.5,5,bike,24.940813810732084
115.5,5,dut,3.871413475703435
115.5,5,ped,2.101065892540498
115.75,5,bike,24.940813810732084
115.75,5,dut,3.871413475703435
115.75,5,ped,3.3806098235198085
116.0,5,bike,24.940813810732084
116.0,5,dut,3.871413475703435
116.0,5,ped,3.8048020541137677
116.25,5,bike,25.386617292447575
116.25,5,dut,3.871413475703435
116.25,5,ped,3.6231156760847543
116.5,5,bike,25.386617292447575
116.5,5,dut,3.871413475703435
116.5,5,ped,4.470425471625617
116.75,5,bike,25.386617292447575
116.75,5,dut,3.871413475703435
116.75,5,ped,3.740698125911449
117.0,5,bike,25.386617292447575
117.0,5,dut,3.871413475703435
117.0,5,ped,3.5588073909907685
117.25,5,bike,25.386617292447575
117.25,5,dut,3.871413475703435
117.25,5,ped,3.3769166560700876
117.5,5,bike,25.386617292447575
117.5,5,dut,3.871413475703435
117.5,5,ped,1.827801983884136
117.75,5,bike,26.207560556376013
117.75,5,dut,3.871413475703435
117.75,5,ped,1.827801983884136
118.0,5,bike,25.863833551865778
118.0,5,dut,3.871413475703435
118.0,5,ped,0.7018048766450882
118.25,5,bike,25.386617292447575
118.25,5,dut,3.871413475703435
118.25,5,ped,0.0
118.5,5,bike,25.386617292447575
118.5,5,dut,3.871413475703435
118.5,5,ped,0.0
118.75,5,bike,25.386617292447575
118.75,5,dut,3.871413475703435
118.75,5,ped,0.0
119.0,5,bike,25.386617292447575
119.0,5,dut,3.871413475703435
119.0,5,ped,0.0
119.25,5,bike,25.386617292447575
119.25,5,dut,3.871413475703435
119.25,5,ped,0.0
119.5,5,bike,25.386617292447575
119.5,5,dut,3.871413475703435
119.5,5,ped,0.0
119.75,5,bike,24.940813810732084
119.75,5,dut,3.871413475703435
119.75,5,ped,0.0
120.0,5,bike,24.940813810732084
120.0,5,dut,3.871413475703435
120.0,5,ped,0.0
120.25,5,bike,24.940813810732084
120.25,5,dut,3.871413475703435
120.25,5,ped,0.0
120.5,5,bike,24.940813810732084
120.5,5,dut,3.871413475703435
120.5,5,ped,0.0
120.75,5,bike,25.41803007015029
120.75,5,dut,3.871413475703435
120.75,5,ped,0.0
121.0,5,bike,25.41803007015029
121.0,5,dut,3.871413475703435
121.0,5,ped,0.0
121.25,5,bike,25.41803007015029
121.25,5,dut,3.871413475703435
121.25,5,ped,0.0
121.5,5,bike,25.41803007015029
121.5,5,dut,3.871413475703435
121.5,5,ped,0.0
121.75,5,bike,25.41803007015029
121.75,5,dut,3.871413475703435
121.75,5,ped,0.0
122.0,5,bike,25.41803007015029
122.0,5,dut,3.871413475703435
122.0,5,ped,0.0
122.25,5,bike,25.41803007015029
122.25,5,dut,3.871413475703435
122.25,5,ped,0.0
122.5,5,bike,25.41803007015029
122.5,5,dut,3.871413475703435
122.5,5,ped,0.0
122.75,5,bike,24.940813810732084
122.75,5,dut,3.871413475703435
122.75,5,ped,0.0
123.0,5,bike,24.940813810732084
123.0,5,dut,3.871413475703435
123.0,5,ped,0.0
123.25,5,bike,24.940813810732084
123.25,5,dut,3.871413475703435
123.25,5,ped,0.0
123.5,5,bike,24.940813810732084
123.5,5,dut,3.871413475703435
123.5,5,ped,0.0
123.75,5,bike,24.940813810732084
123.75,5,dut,3.871413475703435
123.75,5,ped,0.0
124.0,5,bike,24.940813810732084
124.0,5,dut,3.871413475703435
124.0,5,ped,0.0
124.25,5,bike,24.940813810732084
124.25,5,dut,3.871413475703435
124.25,5,ped,0.0
124.5,5,bike,24.940813810732084
124.5,5,dut,3.871413475703435
124.5,5,ped,0.0
124.75,5,bike,24.940813810732084
124.75,5,dut,3.871413475703435
124.75,5,ped,0.0
125.0,5,bike,25.41803007015029
125.0,5,dut,3.871413475703435
125.0,5,ped,0.0
125.25,5,bike,25.41803007015029
125.25,5,dut,3.871413475703435
125.25,5,ped,0.0
125.5,5,bike,25.41803007015029
125.5,5,dut,3.871413475703435
125.5,5,ped,0.0
125.75,5,bike,25.41803007015029
125.75,5,dut,3.871413475703435
125.75,5,ped,0.0
126.0,5,bike,25.41803007015029
126.0,5,dut,3.871413475703435
126.0,5,ped,0.0
